INSERT INTO language (code) VALUES ('aa');
INSERT INTO language (code) VALUES ('af');
INSERT INTO language (code) VALUES ('am');
INSERT INTO language (code) VALUES ('ar');
INSERT INTO language (code) VALUES ('ay');
INSERT INTO language (code) VALUES ('az');
INSERT INTO language (code) VALUES ('be');
INSERT INTO language (code) VALUES ('bg');
INSERT INTO language (code) VALUES ('bi');
INSERT INTO language (code) VALUES ('bs');
INSERT INTO language (code) VALUES ('bn');
INSERT INTO language (code) VALUES ('ca');
INSERT INTO language (code) VALUES ('ch');
INSERT INTO language (code) VALUES ('cs');
INSERT INTO language (code) VALUES ('cy');
INSERT INTO language (code) VALUES ('da');
INSERT INTO language (code) VALUES ('de');
INSERT INTO language (code) VALUES ('dv');
INSERT INTO language (code) VALUES ('dz');
INSERT INTO language (code) VALUES ('el');
INSERT INTO language (code) VALUES ('en');
INSERT INTO language (code) VALUES ('es');
INSERT INTO language (code) VALUES ('et');
INSERT INTO language (code) VALUES ('eu');
INSERT INTO language (code) VALUES ('fa');
INSERT INTO language (code) VALUES ('fi');
INSERT INTO language (code) VALUES ('fo');
INSERT INTO language (code) VALUES ('fr');
INSERT INTO language (code) VALUES ('ga');
INSERT INTO language (code) VALUES ('gd');
INSERT INTO language (code) VALUES ('gl');
INSERT INTO language (code) VALUES ('gn');
INSERT INTO language (code) VALUES ('he');
INSERT INTO language (code) VALUES ('hi');
INSERT INTO language (code) VALUES ('ho');
INSERT INTO language (code) VALUES ('hr');
INSERT INTO language (code) VALUES ('ht');
INSERT INTO language (code) VALUES ('hu');
INSERT INTO language (code) VALUES ('hy');
INSERT INTO language (code) VALUES ('id');
INSERT INTO language (code) VALUES ('is');
INSERT INTO language (code) VALUES ('it');
INSERT INTO language (code) VALUES ('ja');
INSERT INTO language (code) VALUES ('ka');
INSERT INTO language (code) VALUES ('kk');
INSERT INTO language (code) VALUES ('kl');
INSERT INTO language (code) VALUES ('km');
INSERT INTO language (code) VALUES ('ko');
INSERT INTO language (code) VALUES ('ku');
INSERT INTO language (code) VALUES ('kw');
INSERT INTO language (code) VALUES ('ky');
INSERT INTO language (code) VALUES ('lb');
INSERT INTO language (code) VALUES ('lo');
INSERT INTO language (code) VALUES ('lt');
INSERT INTO language (code) VALUES ('lv');
INSERT INTO language (code) VALUES ('mg');
INSERT INTO language (code) VALUES ('mh');
INSERT INTO language (code) VALUES ('mi');
INSERT INTO language (code) VALUES ('mk');
INSERT INTO language (code) VALUES ('mn');
INSERT INTO language (code) VALUES ('ms');
INSERT INTO language (code) VALUES ('mt');
INSERT INTO language (code) VALUES ('my');
INSERT INTO language (code) VALUES ('na');
INSERT INTO language (code) VALUES ('nb');
INSERT INTO language (code) VALUES ('nd');
INSERT INTO language (code) VALUES ('ne');
INSERT INTO language (code) VALUES ('nl');
INSERT INTO language (code) VALUES ('nn');
INSERT INTO language (code) VALUES ('no');
INSERT INTO language (code) VALUES ('ny');
INSERT INTO language (code) VALUES ('om');
INSERT INTO language (code) VALUES ('pl');
INSERT INTO language (code) VALUES ('ps');
INSERT INTO language (code) VALUES ('pt');
INSERT INTO language (code) VALUES ('qu');
INSERT INTO language (code) VALUES ('rm');
INSERT INTO language (code) VALUES ('ro');
INSERT INTO language (code) VALUES ('ru');
INSERT INTO language (code) VALUES ('rw');
INSERT INTO language (code) VALUES ('se');
INSERT INTO language (code) VALUES ('sf');
INSERT INTO language (code) VALUES ('sg');
INSERT INTO language (code) VALUES ('si');
INSERT INTO language (code) VALUES ('sk');
INSERT INTO language (code) VALUES ('sl');
INSERT INTO language (code) VALUES ('sm');
INSERT INTO language (code) VALUES ('sn');
INSERT INTO language (code) VALUES ('so');
INSERT INTO language (code) VALUES ('sr');
INSERT INTO language (code) VALUES ('ss');
INSERT INTO language (code) VALUES ('st');
INSERT INTO language (code) VALUES ('sv');
INSERT INTO language (code) VALUES ('sq');
INSERT INTO language (code) VALUES ('sw');
INSERT INTO language (code) VALUES ('ta');
INSERT INTO language (code) VALUES ('tg');
INSERT INTO language (code) VALUES ('th');
INSERT INTO language (code) VALUES ('ti');
INSERT INTO language (code) VALUES ('tk');
INSERT INTO language (code) VALUES ('tl');
INSERT INTO language (code) VALUES ('tn');
INSERT INTO language (code) VALUES ('tr');
INSERT INTO language (code) VALUES ('uk');
INSERT INTO language (code) VALUES ('ur');
INSERT INTO language (code) VALUES ('uz');
INSERT INTO language (code) VALUES ('vi');
INSERT INTO language (code) VALUES ('xh');
INSERT INTO language (code) VALUES ('zh');
INSERT INTO language (code) VALUES ('zu');

INSERT INTO country (code, name) VALUES ('AD', 'Andorra');
INSERT INTO country (code, name) VALUES ('AE', 'United Arab Emirates');
INSERT INTO country (code, name) VALUES ('AF', 'Afghanistan');
INSERT INTO country (code, name) VALUES ('AG', 'Antigua and Barbuda');
INSERT INTO country (code, name) VALUES ('AI', 'Anguilla');
INSERT INTO country (code, name) VALUES ('AL', 'Albania');
INSERT INTO country (code, name) VALUES ('AM', 'Armenia');
INSERT INTO country (code, name) VALUES ('AO', 'Angola');
INSERT INTO country (code, name) VALUES ('AQ', 'Antarctica');
INSERT INTO country (code, name) VALUES ('AR', 'Argentina');
INSERT INTO country (code, name) VALUES ('AS', 'American Samoa');
INSERT INTO country (code, name) VALUES ('AT', 'Austria');
INSERT INTO country (code, name) VALUES ('AU', 'Australia');
INSERT INTO country (code, name) VALUES ('AW', 'Aruba');
INSERT INTO country (code, name) VALUES ('AX', 'Aland Islands');
INSERT INTO country (code, name) VALUES ('AZ', 'Azerbaijan');
INSERT INTO country (code, name) VALUES ('BA', 'Bosnia and Herzegovina');
INSERT INTO country (code, name) VALUES ('BB', 'Barbados');
INSERT INTO country (code, name) VALUES ('BD', 'Bangladesh');
INSERT INTO country (code, name) VALUES ('BE', 'Belgium');
INSERT INTO country (code, name) VALUES ('BF', 'Burkina Faso');
INSERT INTO country (code, name) VALUES ('BG', 'Bulgaria');
INSERT INTO country (code, name) VALUES ('BH', 'Bahrain');
INSERT INTO country (code, name) VALUES ('BI', 'Burundi');
INSERT INTO country (code, name) VALUES ('BJ', 'Benin');
INSERT INTO country (code, name) VALUES ('BL', 'Saint-Barthélemy');
INSERT INTO country (code, name) VALUES ('BM', 'Bermuda');
INSERT INTO country (code, name) VALUES ('BN', 'Brunei Darussalam');
INSERT INTO country (code, name) VALUES ('BO', 'Bolivia');
INSERT INTO country (code, name) VALUES ('BQ', 'Caribbean Netherlands');
INSERT INTO country (code, name) VALUES ('BR', 'Brazil');
INSERT INTO country (code, name) VALUES ('BS', 'Bahamas');
INSERT INTO country (code, name) VALUES ('BT', 'Bhutan');
INSERT INTO country (code, name) VALUES ('BV', 'Bouvet Island');
INSERT INTO country (code, name) VALUES ('BW', 'Botswana');
INSERT INTO country (code, name) VALUES ('BY', 'Belarus');
INSERT INTO country (code, name) VALUES ('BZ', 'Belize');
INSERT INTO country (code, name) VALUES ('CA', 'Canada');
INSERT INTO country (code, name) VALUES ('CC', 'Cocos (Keeling) Islands');
INSERT INTO country (code, name) VALUES ('CD', 'Democratic Republic of the Congo');
INSERT INTO country (code, name) VALUES ('CF', 'Centrafrican Republic');
INSERT INTO country (code, name) VALUES ('CG', 'Republic of the Congo');
INSERT INTO country (code, name) VALUES ('CH', 'Switzerland');
INSERT INTO country (code, name) VALUES ('CI', 'Côte d''Ivoire');
INSERT INTO country (code, name) VALUES ('CK', 'Cook Islands');
INSERT INTO country (code, name) VALUES ('CL', 'Chile');
INSERT INTO country (code, name) VALUES ('CM', 'Cameroon');
INSERT INTO country (code, name) VALUES ('CN', 'China');
INSERT INTO country (code, name) VALUES ('CO', 'Colombia');
INSERT INTO country (code, name) VALUES ('CR', 'Costa Rica');
INSERT INTO country (code, name) VALUES ('CU', 'Cuba');
INSERT INTO country (code, name) VALUES ('CV', 'Cabo Verde');
INSERT INTO country (code, name) VALUES ('CW', 'Curaçao');
INSERT INTO country (code, name) VALUES ('CX', 'Christmas Island');
INSERT INTO country (code, name) VALUES ('CY', 'Cyprus');
INSERT INTO country (code, name) VALUES ('CZ', 'Czech Republic');
INSERT INTO country (code, name) VALUES ('DE', 'Germany');
INSERT INTO country (code, name) VALUES ('DJ', 'Djibouti');
INSERT INTO country (code, name) VALUES ('DK', 'Denmark');
INSERT INTO country (code, name) VALUES ('DM', 'Dominica');
INSERT INTO country (code, name) VALUES ('DO', 'Dominican Republic');
INSERT INTO country (code, name) VALUES ('DZ', 'Algeria');
INSERT INTO country (code, name) VALUES ('EC', 'Ecuador');
INSERT INTO country (code, name) VALUES ('EE', 'Estonia');
INSERT INTO country (code, name) VALUES ('EG', 'Egypt');
INSERT INTO country (code, name) VALUES ('EH', 'Western Sahara');
INSERT INTO country (code, name) VALUES ('ER', 'Eritrea');
INSERT INTO country (code, name) VALUES ('ES', 'Spain');
INSERT INTO country (code, name) VALUES ('ET', 'Ethiopia');
INSERT INTO country (code, name) VALUES ('FI', 'Finland');
INSERT INTO country (code, name) VALUES ('FJ', 'Fiji');
INSERT INTO country (code, name) VALUES ('FK', 'Falkland Islands');
INSERT INTO country (code, name) VALUES ('FM', 'Micronesia');
INSERT INTO country (code, name) VALUES ('FO', 'Faroe Islands');
INSERT INTO country (code, name) VALUES ('FR', 'France');
INSERT INTO country (code, name) VALUES ('GA', 'Gabon');
INSERT INTO country (code, name) VALUES ('GB', 'United Kingdom');
INSERT INTO country (code, name) VALUES ('GD', 'Grenada');
INSERT INTO country (code, name) VALUES ('GE', 'Georgia');
INSERT INTO country (code, name) VALUES ('GF', 'French Guiana');
INSERT INTO country (code, name) VALUES ('GG', 'Guernsey');
INSERT INTO country (code, name) VALUES ('GH', 'Ghana');
INSERT INTO country (code, name) VALUES ('GI', 'Gibraltar');
INSERT INTO country (code, name) VALUES ('GL', 'Greenland');
INSERT INTO country (code, name) VALUES ('GM', 'The Gambia');
INSERT INTO country (code, name) VALUES ('GN', 'Guinea');
INSERT INTO country (code, name) VALUES ('GP', 'Guadeloupe');
INSERT INTO country (code, name) VALUES ('GQ', 'Equatorial Guinea');
INSERT INTO country (code, name) VALUES ('GR', 'Greece');
INSERT INTO country (code, name) VALUES ('GS', 'South Georgia and the South Sandwich Islands');
INSERT INTO country (code, name) VALUES ('GT', 'Guatemala');
INSERT INTO country (code, name) VALUES ('GU', 'Guam');
INSERT INTO country (code, name) VALUES ('GW', 'Guinea Bissau');
INSERT INTO country (code, name) VALUES ('GY', 'Guyana');
INSERT INTO country (code, name) VALUES ('HK', 'Hong Kong');
INSERT INTO country (code, name) VALUES ('HM', 'Heard Island and McDonald Islands');
INSERT INTO country (code, name) VALUES ('HN', 'Honduras');
INSERT INTO country (code, name) VALUES ('HR', 'Croatia');
INSERT INTO country (code, name) VALUES ('HT', 'Haiti');
INSERT INTO country (code, name) VALUES ('HU', 'Hungary');
INSERT INTO country (code, name) VALUES ('ID', 'Indonesia');
INSERT INTO country (code, name) VALUES ('IE', 'Ireland');
INSERT INTO country (code, name) VALUES ('IL', 'Israel');
INSERT INTO country (code, name) VALUES ('IM', 'Isle of Man');
INSERT INTO country (code, name) VALUES ('IN', 'India');
INSERT INTO country (code, name) VALUES ('IO', 'British Indian Ocean Territory');
INSERT INTO country (code, name) VALUES ('IQ', 'Iraq');
INSERT INTO country (code, name) VALUES ('IR', 'Iran');
INSERT INTO country (code, name) VALUES ('IS', 'Iceland');
INSERT INTO country (code, name) VALUES ('IT', 'Italy');
INSERT INTO country (code, name) VALUES ('JE', 'Jersey');
INSERT INTO country (code, name) VALUES ('JM', 'Jamaica');
INSERT INTO country (code, name) VALUES ('JO', 'Jordan');
INSERT INTO country (code, name) VALUES ('JP', 'Japan');
INSERT INTO country (code, name) VALUES ('KE', 'Kenya');
INSERT INTO country (code, name) VALUES ('KG', 'Kyrgyzstan');
INSERT INTO country (code, name) VALUES ('KH', 'Cambodia');
INSERT INTO country (code, name) VALUES ('KI', 'Kiribati');
INSERT INTO country (code, name) VALUES ('KM', 'Comores');
INSERT INTO country (code, name) VALUES ('KN', 'Saint Kitts and Nevis');
INSERT INTO country (code, name) VALUES ('KP', 'North Korea');
INSERT INTO country (code, name) VALUES ('KR', 'South Korea');
INSERT INTO country (code, name) VALUES ('KW', 'Kuwait');
INSERT INTO country (code, name) VALUES ('KY', 'Cayman Islands');
INSERT INTO country (code, name) VALUES ('KZ', 'Kazakhstan');
INSERT INTO country (code, name) VALUES ('LA', 'Laos');
INSERT INTO country (code, name) VALUES ('LB', 'Lebanon');
INSERT INTO country (code, name) VALUES ('LC', 'Saint Lucia');
INSERT INTO country (code, name) VALUES ('LI', 'Liechtenstein');
INSERT INTO country (code, name) VALUES ('LK', 'Sri Lanka');
INSERT INTO country (code, name) VALUES ('LR', 'Liberia');
INSERT INTO country (code, name) VALUES ('LS', 'Lesotho');
INSERT INTO country (code, name) VALUES ('LT', 'Lithuania');
INSERT INTO country (code, name) VALUES ('LU', 'Luxembourg');
INSERT INTO country (code, name) VALUES ('LV', 'Latvia');
INSERT INTO country (code, name) VALUES ('LY', 'Libya');
INSERT INTO country (code, name) VALUES ('MA', 'Morocco');
INSERT INTO country (code, name) VALUES ('MC', 'Monaco');
INSERT INTO country (code, name) VALUES ('MD', 'Moldova');
INSERT INTO country (code, name) VALUES ('ME', 'Montenegro');
INSERT INTO country (code, name) VALUES ('MF', 'Saint Martin');
INSERT INTO country (code, name) VALUES ('MG', 'Madagascar');
INSERT INTO country (code, name) VALUES ('MH', 'Marshall Islands');
INSERT INTO country (code, name) VALUES ('MK', 'North Macedonia');
INSERT INTO country (code, name) VALUES ('ML', 'Mali');
INSERT INTO country (code, name) VALUES ('MM', 'Myanmar');
INSERT INTO country (code, name) VALUES ('MN', 'Mongolia');
INSERT INTO country (code, name) VALUES ('MO', 'Macao');
INSERT INTO country (code, name) VALUES ('MP', 'Northern Mariana Islands');
INSERT INTO country (code, name) VALUES ('MQ', 'Martinique');
INSERT INTO country (code, name) VALUES ('MR', 'Mauritania');
INSERT INTO country (code, name) VALUES ('MS', 'Montserrat');
INSERT INTO country (code, name) VALUES ('MT', 'Malta');
INSERT INTO country (code, name) VALUES ('MU', 'Mauritius');
INSERT INTO country (code, name) VALUES ('MV', 'Maldives');
INSERT INTO country (code, name) VALUES ('MW', 'Malawi');
INSERT INTO country (code, name) VALUES ('MX', 'Mexico');
INSERT INTO country (code, name) VALUES ('MY', 'Malaysia');
INSERT INTO country (code, name) VALUES ('MZ', 'Mozambique');
INSERT INTO country (code, name) VALUES ('NA', 'Namibia');
INSERT INTO country (code, name) VALUES ('NC', 'New Caledonia');
INSERT INTO country (code, name) VALUES ('NE', 'Niger');
INSERT INTO country (code, name) VALUES ('NF', 'Norfolk Island');
INSERT INTO country (code, name) VALUES ('NG', 'Nigeria');
INSERT INTO country (code, name) VALUES ('NI', 'Nicaragua');
INSERT INTO country (code, name) VALUES ('NL', 'The Netherlands');
INSERT INTO country (code, name) VALUES ('NO', 'Norway');
INSERT INTO country (code, name) VALUES ('NP', 'Nepal');
INSERT INTO country (code, name) VALUES ('NR', 'Nauru');
INSERT INTO country (code, name) VALUES ('NU', 'Niue');
INSERT INTO country (code, name) VALUES ('NZ', 'New Zealand');
INSERT INTO country (code, name) VALUES ('OM', 'Oman');
INSERT INTO country (code, name) VALUES ('PA', 'Panama');
INSERT INTO country (code, name) VALUES ('PE', 'Peru');
INSERT INTO country (code, name) VALUES ('PF', 'French Polynesia');
INSERT INTO country (code, name) VALUES ('PG', 'Papua New Guinea');
INSERT INTO country (code, name) VALUES ('PH', 'Philippines');
INSERT INTO country (code, name) VALUES ('PK', 'Pakistan');
INSERT INTO country (code, name) VALUES ('PL', 'Poland');
INSERT INTO country (code, name) VALUES ('PM', 'Saint Pierre and Miquelon');
INSERT INTO country (code, name) VALUES ('PN', 'Pitcairn');
INSERT INTO country (code, name) VALUES ('PR', 'Puerto Rico');
INSERT INTO country (code, name) VALUES ('PS', 'Palestinian Territory');
INSERT INTO country (code, name) VALUES ('PT', 'Portugal');
INSERT INTO country (code, name) VALUES ('PW', 'Palau');
INSERT INTO country (code, name) VALUES ('PY', 'Paraguay');
INSERT INTO country (code, name) VALUES ('QA', 'Qatar');
INSERT INTO country (code, name) VALUES ('RE', 'Reunion');
INSERT INTO country (code, name) VALUES ('RO', 'Romania');
INSERT INTO country (code, name) VALUES ('RS', 'Serbia');
INSERT INTO country (code, name) VALUES ('RU', 'Russia');
INSERT INTO country (code, name) VALUES ('RW', 'Rwanda');
INSERT INTO country (code, name) VALUES ('SA', 'Saudi Arabia');
INSERT INTO country (code, name) VALUES ('SB', 'Solomon Islands');
INSERT INTO country (code, name) VALUES ('SC', 'Seychelles');
INSERT INTO country (code, name) VALUES ('SD', 'Sudan');
INSERT INTO country (code, name) VALUES ('SE', 'Sweden');
INSERT INTO country (code, name) VALUES ('SG', 'Singapore');
INSERT INTO country (code, name) VALUES ('SH', 'Saint Helena');
INSERT INTO country (code, name) VALUES ('SI', 'Slovenia');
INSERT INTO country (code, name) VALUES ('SJ', 'Svalbard and Jan Mayen');
INSERT INTO country (code, name) VALUES ('SK', 'Slovakia');
INSERT INTO country (code, name) VALUES ('SL', 'Sierra Leone');
INSERT INTO country (code, name) VALUES ('SM', 'San Marino');
INSERT INTO country (code, name) VALUES ('SN', 'Sénégal');
INSERT INTO country (code, name) VALUES ('SO', 'Somalia');
INSERT INTO country (code, name) VALUES ('SR', 'Suriname');
INSERT INTO country (code, name) VALUES ('ST', 'São Tomé and Príncipe');
INSERT INTO country (code, name) VALUES ('SS', 'South Sudan');
INSERT INTO country (code, name) VALUES ('SV', 'El Salvador');
INSERT INTO country (code, name) VALUES ('SX', 'Saint Martin');
INSERT INTO country (code, name) VALUES ('SY', 'Syria');
INSERT INTO country (code, name) VALUES ('SZ', 'eSwatini');
INSERT INTO country (code, name) VALUES ('TC', 'Turks and Caicos Islands');
INSERT INTO country (code, name) VALUES ('TD', 'Chad');
INSERT INTO country (code, name) VALUES ('TF', 'French Southern and Antarctic Lands');
INSERT INTO country (code, name) VALUES ('TG', 'Togo');
INSERT INTO country (code, name) VALUES ('TH', 'Thailand');
INSERT INTO country (code, name) VALUES ('TJ', 'Tajikistan');
INSERT INTO country (code, name) VALUES ('TK', 'Tokelau');
INSERT INTO country (code, name) VALUES ('TL', 'Timor-Leste');
INSERT INTO country (code, name) VALUES ('TM', 'Turkmenistan');
INSERT INTO country (code, name) VALUES ('TN', 'Tunisia');
INSERT INTO country (code, name) VALUES ('TO', 'Tonga');
INSERT INTO country (code, name) VALUES ('TR', 'Turkey');
INSERT INTO country (code, name) VALUES ('TT', 'Trinidad and Tobago');
INSERT INTO country (code, name) VALUES ('TV', 'Tuvalu');
INSERT INTO country (code, name) VALUES ('TW', 'Taiwan');
INSERT INTO country (code, name) VALUES ('TZ', 'Tanzania');
INSERT INTO country (code, name) VALUES ('UA', 'Ukraine');
INSERT INTO country (code, name) VALUES ('UG', 'Uganda');
INSERT INTO country (code, name) VALUES ('UM', 'United States Minor Outlying Islands');
INSERT INTO country (code, name) VALUES ('US', 'United States of America');
INSERT INTO country (code, name) VALUES ('UY', 'Uruguay');
INSERT INTO country (code, name) VALUES ('UZ', 'Uzbekistan');
INSERT INTO country (code, name) VALUES ('VA', 'City of the Vatican');
INSERT INTO country (code, name) VALUES ('VC', 'Saint Vincent and the Grenadines');
INSERT INTO country (code, name) VALUES ('VE', 'Venezuela');
INSERT INTO country (code, name) VALUES ('VG', 'British Virgin Islands');
INSERT INTO country (code, name) VALUES ('VI', 'United States Virgin Islands');
INSERT INTO country (code, name) VALUES ('VN', 'Vietnam');
INSERT INTO country (code, name) VALUES ('VU', 'Vanuatu');
INSERT INTO country (code, name) VALUES ('WF', 'Wallis and Futuna');
INSERT INTO country (code, name) VALUES ('WS', 'Samoa');
INSERT INTO country (code, name) VALUES ('XK', 'Kosovo');
INSERT INTO country (code, name) VALUES ('YE', 'Yemen');
INSERT INTO country (code, name) VALUES ('YT', 'Mayotte');
INSERT INTO country (code, name) VALUES ('ZA', 'South Africa');
INSERT INTO country (code, name) VALUES ('ZM', 'Zambia');
INSERT INTO country (code, name) VALUES ('ZW', 'Zimbabwe');

INSERT INTO country_language (country_code, language_code) VALUES ('AD', 'ca');
INSERT INTO country_language (country_code, language_code) VALUES ('AE', 'ar');
INSERT INTO country_language (country_code, language_code) VALUES ('AF', 'fa');
INSERT INTO country_language (country_code, language_code) VALUES ('AF', 'ps');
INSERT INTO country_language (country_code, language_code) VALUES ('AG', 'en');
INSERT INTO country_language (country_code, language_code) VALUES ('AI', 'en');
INSERT INTO country_language (country_code, language_code) VALUES ('AL', 'sq');
INSERT INTO country_language (country_code, language_code) VALUES ('AM', 'hy');
INSERT INTO country_language (country_code, language_code) VALUES ('AO', 'pt');
INSERT INTO country_language (country_code, language_code) VALUES ('AQ', 'en');
INSERT INTO country_language (country_code, language_code) VALUES ('AQ', 'es');
INSERT INTO country_language (country_code, language_code) VALUES ('AQ', 'fr');
INSERT INTO country_language (country_code, language_code) VALUES ('AQ', 'ru');
INSERT INTO country_language (country_code, language_code) VALUES ('AR', 'es');
INSERT INTO country_language (country_code, language_code) VALUES ('AS', 'en');
INSERT INTO country_language (country_code, language_code) VALUES ('AS', 'sm');
INSERT INTO country_language (country_code, language_code) VALUES ('AT', 'de');
INSERT INTO country_language (country_code, language_code) VALUES ('AU', 'en');
INSERT INTO country_language (country_code, language_code) VALUES ('AW', 'nl');
INSERT INTO country_language (country_code, language_code) VALUES ('AX', 'sv');
INSERT INTO country_language (country_code, language_code) VALUES ('AZ', 'az');
INSERT INTO country_language (country_code, language_code) VALUES ('BA', 'bs');
INSERT INTO country_language (country_code, language_code) VALUES ('BA', 'hr');
INSERT INTO country_language (country_code, language_code) VALUES ('BA', 'sr');
INSERT INTO country_language (country_code, language_code) VALUES ('BB', 'en');
INSERT INTO country_language (country_code, language_code) VALUES ('BD', 'bn');
INSERT INTO country_language (country_code, language_code) VALUES ('BE', 'nl');
INSERT INTO country_language (country_code, language_code) VALUES ('BE', 'fr');
INSERT INTO country_language (country_code, language_code) VALUES ('BE', 'de');
INSERT INTO country_language (country_code, language_code) VALUES ('BF', 'fr');
INSERT INTO country_language (country_code, language_code) VALUES ('BG', 'bg');
INSERT INTO country_language (country_code, language_code) VALUES ('BH', 'ar');
INSERT INTO country_language (country_code, language_code) VALUES ('BI', 'fr');
INSERT INTO country_language (country_code, language_code) VALUES ('BJ', 'fr');
INSERT INTO country_language (country_code, language_code) VALUES ('BL', 'fr');
INSERT INTO country_language (country_code, language_code) VALUES ('BM', 'en');
INSERT INTO country_language (country_code, language_code) VALUES ('BN', 'ms');
INSERT INTO country_language (country_code, language_code) VALUES ('BO', 'es');
INSERT INTO country_language (country_code, language_code) VALUES ('BO', 'qu');
INSERT INTO country_language (country_code, language_code) VALUES ('BO', 'gn');
INSERT INTO country_language (country_code, language_code) VALUES ('BO', 'ay');
INSERT INTO country_language (country_code, language_code) VALUES ('BQ', 'nl');
INSERT INTO country_language (country_code, language_code) VALUES ('BR', 'pt');
INSERT INTO country_language (country_code, language_code) VALUES ('BS', 'en');
INSERT INTO country_language (country_code, language_code) VALUES ('BT', 'dz');
INSERT INTO country_language (country_code, language_code) VALUES ('BV', 'no');
INSERT INTO country_language (country_code, language_code) VALUES ('BW', 'en');
INSERT INTO country_language (country_code, language_code) VALUES ('BW', 'tn');
INSERT INTO country_language (country_code, language_code) VALUES ('BY', 'be');
INSERT INTO country_language (country_code, language_code) VALUES ('BY', 'ru');
INSERT INTO country_language (country_code, language_code) VALUES ('BZ', 'en');
INSERT INTO country_language (country_code, language_code) VALUES ('CA', 'en');
INSERT INTO country_language (country_code, language_code) VALUES ('CA', 'fr');
INSERT INTO country_language (country_code, language_code) VALUES ('CC', 'en');
INSERT INTO country_language (country_code, language_code) VALUES ('CD', 'fr');
INSERT INTO country_language (country_code, language_code) VALUES ('CF', 'fr');
INSERT INTO country_language (country_code, language_code) VALUES ('CF', 'sg');
INSERT INTO country_language (country_code, language_code) VALUES ('CG', 'fr');
INSERT INTO country_language (country_code, language_code) VALUES ('CH', 'de');
INSERT INTO country_language (country_code, language_code) VALUES ('CH', 'fr');
INSERT INTO country_language (country_code, language_code) VALUES ('CH', 'it');
INSERT INTO country_language (country_code, language_code) VALUES ('CH', 'rm');
INSERT INTO country_language (country_code, language_code) VALUES ('CI', 'fr');
INSERT INTO country_language (country_code, language_code) VALUES ('CK', 'en');
INSERT INTO country_language (country_code, language_code) VALUES ('CL', 'es');
INSERT INTO country_language (country_code, language_code) VALUES ('CM', 'fr');
INSERT INTO country_language (country_code, language_code) VALUES ('CM', 'en');
INSERT INTO country_language (country_code, language_code) VALUES ('CN', 'zh');
INSERT INTO country_language (country_code, language_code) VALUES ('CO', 'es');
INSERT INTO country_language (country_code, language_code) VALUES ('CR', 'es');
INSERT INTO country_language (country_code, language_code) VALUES ('CU', 'es');
INSERT INTO country_language (country_code, language_code) VALUES ('CV', 'pt');
INSERT INTO country_language (country_code, language_code) VALUES ('CW', 'nl');
INSERT INTO country_language (country_code, language_code) VALUES ('CW', 'en');
INSERT INTO country_language (country_code, language_code) VALUES ('CX', 'en');
INSERT INTO country_language (country_code, language_code) VALUES ('CY', 'el');
INSERT INTO country_language (country_code, language_code) VALUES ('CY', 'tr');
INSERT INTO country_language (country_code, language_code) VALUES ('CZ', 'cs');
INSERT INTO country_language (country_code, language_code) VALUES ('DE', 'de');
INSERT INTO country_language (country_code, language_code) VALUES ('DJ', 'fr');
INSERT INTO country_language (country_code, language_code) VALUES ('DJ', 'ar');
INSERT INTO country_language (country_code, language_code) VALUES ('DJ', 'so');
INSERT INTO country_language (country_code, language_code) VALUES ('DJ', 'aa');
INSERT INTO country_language (country_code, language_code) VALUES ('DK', 'da');
INSERT INTO country_language (country_code, language_code) VALUES ('DM', 'en');
INSERT INTO country_language (country_code, language_code) VALUES ('DO', 'es');
INSERT INTO country_language (country_code, language_code) VALUES ('DZ', 'ar');
INSERT INTO country_language (country_code, language_code) VALUES ('EC', 'es');
INSERT INTO country_language (country_code, language_code) VALUES ('EE', 'et');
INSERT INTO country_language (country_code, language_code) VALUES ('EG', 'ar');
INSERT INTO country_language (country_code, language_code) VALUES ('EH', 'ar');
INSERT INTO country_language (country_code, language_code) VALUES ('EH', 'es');
INSERT INTO country_language (country_code, language_code) VALUES ('EH', 'fr');
INSERT INTO country_language (country_code, language_code) VALUES ('ER', 'ti');
INSERT INTO country_language (country_code, language_code) VALUES ('ER', 'ar');
INSERT INTO country_language (country_code, language_code) VALUES ('ER', 'en');
INSERT INTO country_language (country_code, language_code) VALUES ('ES', 'ca');
INSERT INTO country_language (country_code, language_code) VALUES ('ES', 'es');
INSERT INTO country_language (country_code, language_code) VALUES ('ES', 'eu');
INSERT INTO country_language (country_code, language_code) VALUES ('ES', 'gl');
INSERT INTO country_language (country_code, language_code) VALUES ('ET', 'am');
INSERT INTO country_language (country_code, language_code) VALUES ('ET', 'om');
INSERT INTO country_language (country_code, language_code) VALUES ('FI', 'fi');
INSERT INTO country_language (country_code, language_code) VALUES ('FI', 'sv');
INSERT INTO country_language (country_code, language_code) VALUES ('FI', 'se');
INSERT INTO country_language (country_code, language_code) VALUES ('FJ', 'en');
INSERT INTO country_language (country_code, language_code) VALUES ('FK', 'en');
INSERT INTO country_language (country_code, language_code) VALUES ('FO', 'fo');
INSERT INTO country_language (country_code, language_code) VALUES ('FO', 'da');
INSERT INTO country_language (country_code, language_code) VALUES ('FR', 'fr');
INSERT INTO country_language (country_code, language_code) VALUES ('GA', 'fr');
INSERT INTO country_language (country_code, language_code) VALUES ('GB', 'en');
INSERT INTO country_language (country_code, language_code) VALUES ('GB', 'ga');
INSERT INTO country_language (country_code, language_code) VALUES ('GB', 'cy');
INSERT INTO country_language (country_code, language_code) VALUES ('GB', 'gd');
INSERT INTO country_language (country_code, language_code) VALUES ('GB', 'kw');
INSERT INTO country_language (country_code, language_code) VALUES ('GD', 'en');
INSERT INTO country_language (country_code, language_code) VALUES ('GE', 'ka');
INSERT INTO country_language (country_code, language_code) VALUES ('GF', 'fr');
INSERT INTO country_language (country_code, language_code) VALUES ('GG', 'en');
INSERT INTO country_language (country_code, language_code) VALUES ('GH', 'en');
INSERT INTO country_language (country_code, language_code) VALUES ('GI', 'en');
INSERT INTO country_language (country_code, language_code) VALUES ('GL', 'kl');
INSERT INTO country_language (country_code, language_code) VALUES ('GL', 'da');
INSERT INTO country_language (country_code, language_code) VALUES ('GM', 'en');
INSERT INTO country_language (country_code, language_code) VALUES ('GN', 'fr');
INSERT INTO country_language (country_code, language_code) VALUES ('GP', 'fr');
INSERT INTO country_language (country_code, language_code) VALUES ('GQ', 'es');
INSERT INTO country_language (country_code, language_code) VALUES ('GQ', 'fr');
INSERT INTO country_language (country_code, language_code) VALUES ('GQ', 'pt');
INSERT INTO country_language (country_code, language_code) VALUES ('GR', 'el');
INSERT INTO country_language (country_code, language_code) VALUES ('GS', 'en');
INSERT INTO country_language (country_code, language_code) VALUES ('GT', 'es');
INSERT INTO country_language (country_code, language_code) VALUES ('GU', 'en');
INSERT INTO country_language (country_code, language_code) VALUES ('GU', 'ch');
INSERT INTO country_language (country_code, language_code) VALUES ('GW', 'pt');
INSERT INTO country_language (country_code, language_code) VALUES ('GY', 'en');
INSERT INTO country_language (country_code, language_code) VALUES ('HK', 'zh');
INSERT INTO country_language (country_code, language_code) VALUES ('HK', 'en');
INSERT INTO country_language (country_code, language_code) VALUES ('HN', 'es');
INSERT INTO country_language (country_code, language_code) VALUES ('HR', 'hr');
INSERT INTO country_language (country_code, language_code) VALUES ('HT', 'fr');
INSERT INTO country_language (country_code, language_code) VALUES ('HT', 'ht');
INSERT INTO country_language (country_code, language_code) VALUES ('HU', 'hu');
INSERT INTO country_language (country_code, language_code) VALUES ('ID', 'id');
INSERT INTO country_language (country_code, language_code) VALUES ('IE', 'en');
INSERT INTO country_language (country_code, language_code) VALUES ('IE', 'ga');
INSERT INTO country_language (country_code, language_code) VALUES ('IL', 'he');
INSERT INTO country_language (country_code, language_code) VALUES ('IM', 'en');
INSERT INTO country_language (country_code, language_code) VALUES ('IN', 'hi');
INSERT INTO country_language (country_code, language_code) VALUES ('IN', 'en');
INSERT INTO country_language (country_code, language_code) VALUES ('IO', 'en');
INSERT INTO country_language (country_code, language_code) VALUES ('IQ', 'ar');
INSERT INTO country_language (country_code, language_code) VALUES ('IQ', 'ku');
INSERT INTO country_language (country_code, language_code) VALUES ('IR', 'fa');
INSERT INTO country_language (country_code, language_code) VALUES ('IS', 'is');
INSERT INTO country_language (country_code, language_code) VALUES ('IT', 'it');
INSERT INTO country_language (country_code, language_code) VALUES ('IT', 'de');
INSERT INTO country_language (country_code, language_code) VALUES ('IT', 'fr');
INSERT INTO country_language (country_code, language_code) VALUES ('JE', 'en');
INSERT INTO country_language (country_code, language_code) VALUES ('JM', 'en');
INSERT INTO country_language (country_code, language_code) VALUES ('JO', 'ar');
INSERT INTO country_language (country_code, language_code) VALUES ('JP', 'ja');
INSERT INTO country_language (country_code, language_code) VALUES ('KE', 'sw');
INSERT INTO country_language (country_code, language_code) VALUES ('KE', 'en');
INSERT INTO country_language (country_code, language_code) VALUES ('KG', 'ky');
INSERT INTO country_language (country_code, language_code) VALUES ('KG', 'ru');
INSERT INTO country_language (country_code, language_code) VALUES ('KH', 'km');
INSERT INTO country_language (country_code, language_code) VALUES ('KI', 'en');
INSERT INTO country_language (country_code, language_code) VALUES ('KM', 'ar');
INSERT INTO country_language (country_code, language_code) VALUES ('KM', 'fr');
INSERT INTO country_language (country_code, language_code) VALUES ('KM', 'sw');
INSERT INTO country_language (country_code, language_code) VALUES ('KN', 'en');
INSERT INTO country_language (country_code, language_code) VALUES ('KP', 'ko');
INSERT INTO country_language (country_code, language_code) VALUES ('KR', 'ko');
INSERT INTO country_language (country_code, language_code) VALUES ('KW', 'ar');
INSERT INTO country_language (country_code, language_code) VALUES ('KY', 'en');
INSERT INTO country_language (country_code, language_code) VALUES ('KZ', 'kk');
INSERT INTO country_language (country_code, language_code) VALUES ('KZ', 'ru');
INSERT INTO country_language (country_code, language_code) VALUES ('LA', 'lo');
INSERT INTO country_language (country_code, language_code) VALUES ('LB', 'ar');
INSERT INTO country_language (country_code, language_code) VALUES ('LB', 'fr');
INSERT INTO country_language (country_code, language_code) VALUES ('LC', 'en');
INSERT INTO country_language (country_code, language_code) VALUES ('LI', 'de');
INSERT INTO country_language (country_code, language_code) VALUES ('LK', 'si');
INSERT INTO country_language (country_code, language_code) VALUES ('LK', 'ta');
INSERT INTO country_language (country_code, language_code) VALUES ('LR', 'en');
INSERT INTO country_language (country_code, language_code) VALUES ('LS', 'en');
INSERT INTO country_language (country_code, language_code) VALUES ('LS', 'st');
INSERT INTO country_language (country_code, language_code) VALUES ('LT', 'lt');
INSERT INTO country_language (country_code, language_code) VALUES ('LU', 'lb');
INSERT INTO country_language (country_code, language_code) VALUES ('LU', 'fr');
INSERT INTO country_language (country_code, language_code) VALUES ('LU', 'de');
INSERT INTO country_language (country_code, language_code) VALUES ('LV', 'lv');
INSERT INTO country_language (country_code, language_code) VALUES ('LY', 'ar');
INSERT INTO country_language (country_code, language_code) VALUES ('MA', 'ar');
INSERT INTO country_language (country_code, language_code) VALUES ('MA', 'fr');
INSERT INTO country_language (country_code, language_code) VALUES ('MC', 'fr');
INSERT INTO country_language (country_code, language_code) VALUES ('MD', 'ro');
INSERT INTO country_language (country_code, language_code) VALUES ('MD', 'ru');
INSERT INTO country_language (country_code, language_code) VALUES ('MD', 'uk');
INSERT INTO country_language (country_code, language_code) VALUES ('ME', 'sr');
INSERT INTO country_language (country_code, language_code) VALUES ('ME', 'hr');
INSERT INTO country_language (country_code, language_code) VALUES ('ME', 'bs');
INSERT INTO country_language (country_code, language_code) VALUES ('ME', 'sq');
INSERT INTO country_language (country_code, language_code) VALUES ('MF', 'fr');
INSERT INTO country_language (country_code, language_code) VALUES ('MG', 'mg');
INSERT INTO country_language (country_code, language_code) VALUES ('MG', 'fr');
INSERT INTO country_language (country_code, language_code) VALUES ('MH', 'en');
INSERT INTO country_language (country_code, language_code) VALUES ('MH', 'mh');
INSERT INTO country_language (country_code, language_code) VALUES ('MK', 'mk');
INSERT INTO country_language (country_code, language_code) VALUES ('ML', 'fr');
INSERT INTO country_language (country_code, language_code) VALUES ('MM', 'my');
INSERT INTO country_language (country_code, language_code) VALUES ('MN', 'mn');
INSERT INTO country_language (country_code, language_code) VALUES ('MO', 'zh');
INSERT INTO country_language (country_code, language_code) VALUES ('MO', 'pt');
INSERT INTO country_language (country_code, language_code) VALUES ('MP', 'en');
INSERT INTO country_language (country_code, language_code) VALUES ('MP', 'ch');
INSERT INTO country_language (country_code, language_code) VALUES ('MQ', 'fr');
INSERT INTO country_language (country_code, language_code) VALUES ('MR', 'ar');
INSERT INTO country_language (country_code, language_code) VALUES ('MR', 'fr');
INSERT INTO country_language (country_code, language_code) VALUES ('MS', 'en');
INSERT INTO country_language (country_code, language_code) VALUES ('MT', 'mt');
INSERT INTO country_language (country_code, language_code) VALUES ('MT', 'en');
INSERT INTO country_language (country_code, language_code) VALUES ('MU', 'fr');
INSERT INTO country_language (country_code, language_code) VALUES ('MU', 'en');
INSERT INTO country_language (country_code, language_code) VALUES ('MV', 'dv');
INSERT INTO country_language (country_code, language_code) VALUES ('MW', 'en');
INSERT INTO country_language (country_code, language_code) VALUES ('MW', 'ny');
INSERT INTO country_language (country_code, language_code) VALUES ('MX', 'es');
INSERT INTO country_language (country_code, language_code) VALUES ('MY', 'ms');
INSERT INTO country_language (country_code, language_code) VALUES ('MZ', 'pt');
INSERT INTO country_language (country_code, language_code) VALUES ('NA', 'en');
INSERT INTO country_language (country_code, language_code) VALUES ('NA', 'sf');
INSERT INTO country_language (country_code, language_code) VALUES ('NA', 'de');
INSERT INTO country_language (country_code, language_code) VALUES ('NC', 'fr');
INSERT INTO country_language (country_code, language_code) VALUES ('NE', 'fr');
INSERT INTO country_language (country_code, language_code) VALUES ('NF', 'en');
INSERT INTO country_language (country_code, language_code) VALUES ('NG', 'en');
INSERT INTO country_language (country_code, language_code) VALUES ('NI', 'es');
INSERT INTO country_language (country_code, language_code) VALUES ('NL', 'nl');
INSERT INTO country_language (country_code, language_code) VALUES ('NO', 'nb');
INSERT INTO country_language (country_code, language_code) VALUES ('NO', 'nn');
INSERT INTO country_language (country_code, language_code) VALUES ('NO', 'no');
INSERT INTO country_language (country_code, language_code) VALUES ('NO', 'se');
INSERT INTO country_language (country_code, language_code) VALUES ('NP', 'ne');
INSERT INTO country_language (country_code, language_code) VALUES ('NR', 'na');
INSERT INTO country_language (country_code, language_code) VALUES ('NR', 'en');
INSERT INTO country_language (country_code, language_code) VALUES ('NU', 'en');
INSERT INTO country_language (country_code, language_code) VALUES ('NZ', 'mi');
INSERT INTO country_language (country_code, language_code) VALUES ('NZ', 'en');
INSERT INTO country_language (country_code, language_code) VALUES ('OM', 'ar');
INSERT INTO country_language (country_code, language_code) VALUES ('PA', 'es');
INSERT INTO country_language (country_code, language_code) VALUES ('PE', 'es');
INSERT INTO country_language (country_code, language_code) VALUES ('PF', 'fr');
INSERT INTO country_language (country_code, language_code) VALUES ('PG', 'en');
INSERT INTO country_language (country_code, language_code) VALUES ('PG', 'ho');
INSERT INTO country_language (country_code, language_code) VALUES ('PH', 'en');
INSERT INTO country_language (country_code, language_code) VALUES ('PH', 'tl');
INSERT INTO country_language (country_code, language_code) VALUES ('PK', 'en');
INSERT INTO country_language (country_code, language_code) VALUES ('PK', 'ur');
INSERT INTO country_language (country_code, language_code) VALUES ('PL', 'pl');
INSERT INTO country_language (country_code, language_code) VALUES ('PM', 'fr');
INSERT INTO country_language (country_code, language_code) VALUES ('PN', 'en');
INSERT INTO country_language (country_code, language_code) VALUES ('PR', 'es');
INSERT INTO country_language (country_code, language_code) VALUES ('PR', 'en');
INSERT INTO country_language (country_code, language_code) VALUES ('PS', 'ar');
INSERT INTO country_language (country_code, language_code) VALUES ('PS', 'he');
INSERT INTO country_language (country_code, language_code) VALUES ('PT', 'pt');
INSERT INTO country_language (country_code, language_code) VALUES ('PW', 'en');
INSERT INTO country_language (country_code, language_code) VALUES ('PW', 'ja');
INSERT INTO country_language (country_code, language_code) VALUES ('PY', 'es');
INSERT INTO country_language (country_code, language_code) VALUES ('PY', 'gn');
INSERT INTO country_language (country_code, language_code) VALUES ('QA', 'ar');
INSERT INTO country_language (country_code, language_code) VALUES ('RE', 'fr');
INSERT INTO country_language (country_code, language_code) VALUES ('RO', 'ro');
INSERT INTO country_language (country_code, language_code) VALUES ('RS', 'sr');
INSERT INTO country_language (country_code, language_code) VALUES ('RU', 'ru');
INSERT INTO country_language (country_code, language_code) VALUES ('RW', 'rw');
INSERT INTO country_language (country_code, language_code) VALUES ('RW', 'fr');
INSERT INTO country_language (country_code, language_code) VALUES ('RW', 'en');
INSERT INTO country_language (country_code, language_code) VALUES ('SA', 'ar');
INSERT INTO country_language (country_code, language_code) VALUES ('SB', 'en');
INSERT INTO country_language (country_code, language_code) VALUES ('SC', 'fr');
INSERT INTO country_language (country_code, language_code) VALUES ('SC', 'en');
INSERT INTO country_language (country_code, language_code) VALUES ('SD', 'ar');
INSERT INTO country_language (country_code, language_code) VALUES ('SD', 'en');
INSERT INTO country_language (country_code, language_code) VALUES ('SE', 'sv');
INSERT INTO country_language (country_code, language_code) VALUES ('SG', 'zh');
INSERT INTO country_language (country_code, language_code) VALUES ('SG', 'en');
INSERT INTO country_language (country_code, language_code) VALUES ('SG', 'ms');
INSERT INTO country_language (country_code, language_code) VALUES ('SG', 'ta');
INSERT INTO country_language (country_code, language_code) VALUES ('SH', 'en');
INSERT INTO country_language (country_code, language_code) VALUES ('SI', 'sl');
INSERT INTO country_language (country_code, language_code) VALUES ('SJ', 'no');
INSERT INTO country_language (country_code, language_code) VALUES ('SK', 'sk');
INSERT INTO country_language (country_code, language_code) VALUES ('SL', 'en');
INSERT INTO country_language (country_code, language_code) VALUES ('SM', 'it');
INSERT INTO country_language (country_code, language_code) VALUES ('SN', 'fr');
INSERT INTO country_language (country_code, language_code) VALUES ('SO', 'so');
INSERT INTO country_language (country_code, language_code) VALUES ('SO', 'ar');
INSERT INTO country_language (country_code, language_code) VALUES ('SR', 'nl');
INSERT INTO country_language (country_code, language_code) VALUES ('ST', 'pt');
INSERT INTO country_language (country_code, language_code) VALUES ('SS', 'en');
INSERT INTO country_language (country_code, language_code) VALUES ('SV', 'es');
INSERT INTO country_language (country_code, language_code) VALUES ('SX', 'nl');
INSERT INTO country_language (country_code, language_code) VALUES ('SX', 'en');
INSERT INTO country_language (country_code, language_code) VALUES ('SY', 'ar');
INSERT INTO country_language (country_code, language_code) VALUES ('SZ', 'en');
INSERT INTO country_language (country_code, language_code) VALUES ('SZ', 'ss');
INSERT INTO country_language (country_code, language_code) VALUES ('TC', 'en');
INSERT INTO country_language (country_code, language_code) VALUES ('TD', 'fr');
INSERT INTO country_language (country_code, language_code) VALUES ('TD', 'ar');
INSERT INTO country_language (country_code, language_code) VALUES ('TF', 'fr');
INSERT INTO country_language (country_code, language_code) VALUES ('TG', 'fr');
INSERT INTO country_language (country_code, language_code) VALUES ('TH', 'th');
INSERT INTO country_language (country_code, language_code) VALUES ('TJ', 'tg');
INSERT INTO country_language (country_code, language_code) VALUES ('TJ', 'ru');
INSERT INTO country_language (country_code, language_code) VALUES ('TK', 'en');
INSERT INTO country_language (country_code, language_code) VALUES ('TK', 'sm');
INSERT INTO country_language (country_code, language_code) VALUES ('TL', 'pt');
INSERT INTO country_language (country_code, language_code) VALUES ('TM', 'tk');
INSERT INTO country_language (country_code, language_code) VALUES ('TN', 'ar');
INSERT INTO country_language (country_code, language_code) VALUES ('TN', 'fr');
INSERT INTO country_language (country_code, language_code) VALUES ('TO', 'en');
INSERT INTO country_language (country_code, language_code) VALUES ('TR', 'tr');
INSERT INTO country_language (country_code, language_code) VALUES ('TT', 'en');
INSERT INTO country_language (country_code, language_code) VALUES ('TV', 'en');
INSERT INTO country_language (country_code, language_code) VALUES ('TW', 'zh');
INSERT INTO country_language (country_code, language_code) VALUES ('TZ', 'sw');
INSERT INTO country_language (country_code, language_code) VALUES ('TZ', 'en');
INSERT INTO country_language (country_code, language_code) VALUES ('UA', 'uk');
INSERT INTO country_language (country_code, language_code) VALUES ('UG', 'en');
INSERT INTO country_language (country_code, language_code) VALUES ('UG', 'sw');
INSERT INTO country_language (country_code, language_code) VALUES ('UM', 'en');
INSERT INTO country_language (country_code, language_code) VALUES ('US', 'en');
INSERT INTO country_language (country_code, language_code) VALUES ('UY', 'es');
INSERT INTO country_language (country_code, language_code) VALUES ('UZ', 'uz');
INSERT INTO country_language (country_code, language_code) VALUES ('VA', 'it');
INSERT INTO country_language (country_code, language_code) VALUES ('VC', 'en');
INSERT INTO country_language (country_code, language_code) VALUES ('VE', 'es');
INSERT INTO country_language (country_code, language_code) VALUES ('VG', 'en');
INSERT INTO country_language (country_code, language_code) VALUES ('VI', 'en');
INSERT INTO country_language (country_code, language_code) VALUES ('VN', 'vi');
INSERT INTO country_language (country_code, language_code) VALUES ('VU', 'bi');
INSERT INTO country_language (country_code, language_code) VALUES ('VU', 'en');
INSERT INTO country_language (country_code, language_code) VALUES ('VU', 'fr');
INSERT INTO country_language (country_code, language_code) VALUES ('WF', 'fr');
INSERT INTO country_language (country_code, language_code) VALUES ('WS', 'sm');
INSERT INTO country_language (country_code, language_code) VALUES ('WS', 'en');
INSERT INTO country_language (country_code, language_code) VALUES ('XK', 'en');
INSERT INTO country_language (country_code, language_code) VALUES ('XK', 'af');
INSERT INTO country_language (country_code, language_code) VALUES ('YE', 'ar');
INSERT INTO country_language (country_code, language_code) VALUES ('YT', 'fr');
INSERT INTO country_language (country_code, language_code) VALUES ('ZA', 'en');
INSERT INTO country_language (country_code, language_code) VALUES ('ZA', 'af');
INSERT INTO country_language (country_code, language_code) VALUES ('ZA', 'st');
INSERT INTO country_language (country_code, language_code) VALUES ('ZA', 'tn');
INSERT INTO country_language (country_code, language_code) VALUES ('ZA', 'xh');
INSERT INTO country_language (country_code, language_code) VALUES ('ZA', 'zu');
INSERT INTO country_language (country_code, language_code) VALUES ('ZM', 'en');
INSERT INTO country_language (country_code, language_code) VALUES ('ZW', 'en');
INSERT INTO country_language (country_code, language_code) VALUES ('ZW', 'sn');
INSERT INTO country_language (country_code, language_code) VALUES ('ZW', 'nd');